
[
{
    "from_user_id_str": "166690481",
    "profile_image_url": "http://a2.twimg.com/profile_images/1152222298/_____________normal.gif",
    "created_at": "Thu, 13 Jan 2011 05:56:13 +0000",
    "from_user": "Petra710",
    "id_str": "25430900179210240",
    "metadata": {
        "result_type": "recent"
    },
    "to_user_id": null,
    "text": "My Twitter account is worth $972! What's yours worth? http://WhatsMyTwitterAccountWorth.com",
    "id": 25430900179210240,
    "from_user_id": 166690481,
    "geo": null,
    "iso_language_code": "en",
    "to_user_id_str": null,
    "source": "twitter"
}, {
    "from_user_id_str": "188068188",
    "profile_image_url": "http://a3.twimg.com/profile_images/1151538826/00_ApllicationBB_normal.jpg",
    "created_at": "Thu, 13 Jan 2011 05:56:12 +0000",
    "from_user": "App_BB",
    "id_str": "25430896576307200",
    "metadata": {
        "result_type": "recent"
    },
    "to_user_id": null,
    "text": "Por eso lo digo, tambi\u00e9n incorpora FaceBook. RT @kuku_ve: Yo uso mis 2 cuentas \u0110 twitter, 4sq \u045e fcbk con @socialscope ;)",
    "id": 25430896576307200,
    "from_user_id": 188068188,
    "geo": null,
    "iso_language_code": "es",
    "to_user_id_str": null,
    "source": "ubertwitter"
}, {
    "from_user_id_str": "6624510",
    "profile_image_url": "http://a2.twimg.com/profile_images/1195402489/DCP_5012_normal.JPG",
    "created_at": "Thu, 13 Jan 2011 05:56:11 +0000",
    "from_user": "benjifletcher",
    "id_str": "25430891014660096",
    "metadata": {
        "result_type": "recent"
    },
    "to_user_id": null,
    "text": "How to animate your twitter avatar - http://bit.ly/euYLQK",
    "id": 25430891014660096,
    "from_user_id": 6624510,
    "geo": null,
    "iso_language_code": "en",
    "to_user_id_str": null,
    "source": "twitter"
}, {
    "from_user_id_str": "70587801",
    "profile_image_url": "http://a1.twimg.com/profile_images/1168321757/image_normal.jpg",
    "created_at": "Thu, 13 Jan 2011 05:56:10 +0000",
    "from_user": "iivans",
    "id_str": "25430888598736896",
    "metadata": {
        "result_type": "recent"
    },
    "to_user_id": null,
    "text": "A falta de iPhone, motorola, i iPad, usar twitter desde el web mobil pff",
    "id": 25430888598736896,
    "from_user_id": 70587801,
    "geo": null,
    "iso_language_code": "es",
    "place": {
        "id": "5970723cbb8cc66e",
        "type": "city",
        "full_name": "Aguascalientes, Aguascalientes"
    },
    "to_user_id_str": null,
    "source": "mobiletwitter"
}, {
    "from_user_id_str": "19354818",
    "profile_image_url": "http://a3.twimg.com/profile_images/1136386289/Photo_18_normal.jpg",
    "created_at": "Thu, 13 Jan 2011 05:56:10 +0000",
    "from_user": "HerbieBaby2",
    "id_str": "25430888032505856",
    "metadata": {
        "result_type": "recent"
    },
    "to_user_id": 142835704,
    "text": "@trini_blood_13 Please don't be a whore for I'd have to Twitter slap you. LOL",
    "id": 25430888032505856,
    "from_user_id": 19354818,
    "to_user": "trini_blood_13",
    "geo": null,
    "iso_language_code": "en",
    "to_user_id_str": "142835704",
    "source": "mobiletwitter"
}, {
    "from_user_id_str": "186739331",
    "profile_image_url": "http://a2.twimg.com/profile_images/1208109356/238978718_normal.jpg",
    "created_at": "Thu, 13 Jan 2011 05:56:10 +0000",
    "from_user": "aNinjaTurtle",
    "id_str": "25430885167792128",
    "metadata": {
        "result_type": "recent"
    },
    "to_user_id": null,
    "text": "Wait, gucci got ice cream tatted on his face? I don't believe you twitter, you can't be serious.",
    "id": 25430885167792128,
    "from_user_id": 186739331,
    "geo": null,
    "iso_language_code": "en",
    "to_user_id_str": null,
    "source": "ubertwitter"
}, {
    "from_user_id_str": "108460428",
    "profile_image_url": "http://a1.twimg.com/profile_images/1209922189/IMG00502-20110108-0323_normal.jpg",
    "created_at": "Thu, 13 Jan 2011 05:56:09 +0000",
    "from_user": "MoisesOh",
    "id_str": "25430883758505984",
    "metadata": {
        "result_type": "recent"
    },
    "to_user_id": null,
    "text": "RT @AndresCaamilo: Gente que se crea un Twitter solo por moda y ni lo utiliza. Lo peor es que tienen como 3,000 o 5,000 seguidores y todos son fakes.",
    "id": 25430883758505984,
    "from_user_id": 108460428,
    "geo": null,
    "iso_language_code": "es",
    "to_user_id_str": null,
    "source": "twitter"
}, {
    "from_user_id_str": "5934613",
    "profile_image_url": "http://a2.twimg.com/profile_images/227243046/Seminoles_normal.jpg",
    "created_at": "Thu, 13 Jan 2011 05:56:09 +0000",
    "from_user": "kilroyfsu",
    "id_str": "25430883481686016",
    "metadata": {
        "result_type": "recent"
    },
    "to_user_id": 1384766,
    "text": "@brendanloy You should have asked during the end of the FSU-Duke game when I was in Twitter Jail. I would have tried!",
    "id": 25430883481686016,
    "from_user_id": 5934613,
    "to_user": "brendanloy",
    "geo": null,
    "iso_language_code": "en",
    "to_user_id_str": "1384766",
    "source": "tweetdeck"
}, {
    "from_user_id_str": "71952156",
    "profile_image_url": "http://a1.twimg.com/profile_images/1179822097/reporteando_normal.jpg",
    "created_at": "Thu, 13 Jan 2011 05:56:09 +0000",
    "from_user": "miriampomposo",
    "id_str": "25430881900429313",
    "metadata": {
        "result_type": "recent"
    },
    "to_user_id": null,
    "text": "RT @ciberluis: @alvarez_armando yo los sigo a todos en #Twitter: @danoga  @blancaleyva @edith_gonzalez @miriampomposo @abulle1 @ylicona ccp @hechos_puebla",
    "id": 25430881900429313,
    "from_user_id": 71952156,
    "geo": null,
    "iso_language_code": "es",
    "to_user_id_str": null,
    "source": "twitter"
}, {
    "from_user_id_str": "27670589",
    "profile_image_url": "http://a3.twimg.com/profile_images/1205302509/me_suit_smaller_normal.jpg",
    "created_at": "Thu, 13 Jan 2011 05:56:07 +0000",
    "from_user": "suaven2g",
    "id_str": "25430873268555776",
    "metadata": {
        "result_type": "recent"
    },
    "to_user_id": 5214795,
    "text": "@KristinBerry sorry been seeing a lot over twitter on this topic and some peeps been hard on the fellas.....a (cont) http://tl.gd/8405tq",
    "id": 25430873268555776,
    "from_user_id": 27670589,
    "to_user": "KristinBerry",
    "geo": null,
    "iso_language_code": "en",
    "to_user_id_str": "5214795",
    "source": "ubertwitter"
}, {
    "from_user_id_str": "106635250",
    "profile_image_url": "http://a1.twimg.com/profile_images/1178673528/MAFALDA3_normal.jpg",
    "created_at": "Thu, 13 Jan 2011 05:56:07 +0000",
    "from_user": "pitagotica",
    "id_str": "25430872408727552",
    "metadata": {
        "result_type": "recent"
    },
    "to_user_id": 122792700,
    "text": "@Franzz8 \u00ac \u00ac no me pases videos por twitter, no tengo tiempo de verlos ahorita, tengo miles que verm dame tantito chance",
    "id": 25430872408727552,
    "from_user_id": 106635250,
    "to_user": "Franzz8",
    "geo": null,
    "iso_language_code": "es",
    "to_user_id_str": "122792700",
    "source": "twitter"
}, {
    "from_user_id_str": "75400469",
    "profile_image_url": "http://a3.twimg.com/profile_images/498332836/2009-08-28_191308_normal.png",
    "created_at": "Thu, 13 Jan 2011 05:56:06 +0000",
    "from_user": "kamiresources",
    "id_str": "25430870584201216",
    "metadata": {
        "result_type": "recent"
    },
    "to_user_id": null,
    "text": "Filed under:     Selena Gomez,     Justin Bieber,     Foxnews Latino    \n            \n\t        \t Selena Gomez 's Face - http://bit.ly/dF3N9o",
    "id": 25430870584201216,
    "from_user_id": 75400469,
    "geo": null,
    "iso_language_code": "es",
    "to_user_id_str": null,
    "source": "totaltweet"
}, {
    "from_user_id_str": "197348485",
    "profile_image_url": "http://a1.twimg.com/profile_images/1203426912/mee_normal.jpg",
    "created_at": "Thu, 13 Jan 2011 05:56:06 +0000",
    "from_user": "BIIIITCHplezO_O",
    "id_str": "25430870512902144",
    "metadata": {
        "result_type": "recent"
    },
    "to_user_id": null,
    "text": "Awwwwww dont look on twitter doe lol RT @OhSoSavage Damn i need an official boo... Im not hip to this ''lonely'' shidd.. Any takers?",
    "id": 25430870512902144,
    "from_user_id": 197348485,
    "geo": null,
    "iso_language_code": "en",
    "to_user_id_str": null,
    "source": "twidroyd"
}, {
    "from_user_id_str": "65215703",
    "profile_image_url": "http://a0.twimg.com/profile_images/450115169/blogs_of_the_world_normal.jpg",
    "created_at": "Thu, 13 Jan 2011 05:56:06 +0000",
    "from_user": "blogsoftheworld",
    "id_str": "25430870051524608",
    "metadata": {
        "result_type": "recent"
    },
    "to_user_id": null,
    "text": "For a private individual using Twitter, it might make sense to delete a message that you l...  http://reduce.li/1uuu0q #delete",
    "id": 25430870051524608,
    "from_user_id": 65215703,
    "geo": null,
    "iso_language_code": "en",
    "to_user_id_str": null,
    "source": "twitexplode"
},

{
        "from_user_id_str": "40229470",
        "profile_image_url": "http://a3.twimg.com/profile_images/1213443464/37145_1513177440924_1579073738_1221651_5686416_n_normal.jpg",
        "created_at": "Thu, 13 Jan 2011 06:16:53 +0000",
        "from_user": "splashjosh",
        "id_str": "25436099857883137",
        "metadata": {
            "result_type": "recent"
        },
        "to_user_id": null,
        "text": "Lol badt guyz RT @DJBLAKITO: SO @SplashJosh changed his twitter name to Ila Ala se po.... smhhh!",
        "id": 25436099857883137,
        "from_user_id": 40229470,
        "geo": null,
        "iso_language_code": "en",
        "to_user_id_str": null,
        "source": "ubertwitter"
    },
    {
        "from_user_id_str": "27002970",
        "profile_image_url": "http://a3.twimg.com/profile_images/1206927069/artcarneynorton_normal.jpg",
        "created_at": "Thu, 13 Jan 2011 06:16:52 +0000",
        "from_user": "JohnQPubliq",
        "id_str": "25436096456294400",
        "metadata": {
            "result_type": "recent"
        },
        "to_user_id": null,
        "text": "twitter got one right, recommending I follow @stevenwright - too bad he doesn't tweet much",
        "id": 25436096456294400,
        "from_user_id": 27002970,
        "geo": null,
        "iso_language_code": "en",
        "to_user_id_str": null,
        "source": "twitter"
    },
    {
        "from_user_id_str": "115278009",
        "profile_image_url": "http://a1.twimg.com/profile_images/1212495313/J6qWtoe_copy_normal.jpg",
        "created_at": "Thu, 13 Jan 2011 06:16:51 +0000",
        "from_user": "BritneyLyrics",
        "id_str": "25436090198401024",
        "metadata": {
            "result_type": "recent"
        },
        "to_user_id": 192512364,
        "text": "@TWlTTER_JAIL lol I didin't knew you had twitter",
        "id": 25436090198401024,
        "from_user_id": 115278009,
        "to_user": "TWlTTER_JAIL",
        "geo": null,
        "iso_language_code": "en",
        "to_user_id_str": "192512364",
        "source": "tinyurl"
    },
    {
        "from_user_id_str": "146145578",
        "profile_image_url": "http://a0.twimg.com/profile_images/573740873/kelly-profile2010_normal.jpg",
        "created_at": "Thu, 13 Jan 2011 06:16:50 +0000",
        "from_user": "intuitivecook",
        "id_str": "25436089523118080",
        "metadata": {
            "result_type": "recent"
        },
        "to_user_id": null,
        "text": "Download the Twitter Toolbar and RT to win an ipad! http://twitbar.net",
        "id": 25436089523118080,
        "from_user_id": 146145578,
        "geo": null,
        "iso_language_code": "en",
        "to_user_id_str": null,
        "source": "twitthis"
    },
    {
        "from_user_id_str": "196193598",
        "profile_image_url": "http://a0.twimg.com/profile_images/1214009786/Photo_on_2011-12-29_at_13.40_normal.jpg",
        "created_at": "Thu, 13 Jan 2011 06:16:50 +0000",
        "from_user": "DatBoyMace",
        "id_str": "25436089372123136",
        "metadata": {
            "result_type": "recent"
        },
        "to_user_id": 173711865,
        "text": "@SunsetGlory lol on twitter chillin wit my roommate",
        "id": 25436089372123136,
        "from_user_id": 196193598,
        "to_user": "SunsetGlory",
        "geo": null,
        "iso_language_code": "en",
        "to_user_id_str": "173711865",
        "source": "echofon"
    },
    {
        "from_user_id_str": "133914872",
        "profile_image_url": "http://a3.twimg.com/profile_images/1212493914/image_normal.jpg",
        "created_at": "Thu, 13 Jan 2011 06:16:50 +0000",
        "from_user": "AmorEs_IGNANT",
        "id_str": "25436088533262337",
        "metadata": {
            "result_type": "recent"
        },
        "to_user_id": null,
        "text": "Awww! Awesome! She's sooo puuurdy lol RT @BelLa_IGNANT: Super excited i found my cousin @I_am_Hollyanne on twitter!  I love her!",
        "id": 25436088533262337,
        "from_user_id": 133914872,
        "geo": null,
        "iso_language_code": "en",
        "to_user_id_str": null,
        "source": "twitter"
    },
    {
        "from_user_id_str": "12174396",
        "profile_image_url": "http://a2.twimg.com/profile_images/1214343597/IMG00106-20110112-2026_normal.jpg",
        "created_at": "Thu, 13 Jan 2011 06:16:50 +0000",
        "from_user": "dooksofhazard",
        "id_str": "25436085714685952",
        "metadata": {
            "result_type": "recent"
        },
        "to_user_id": 30126817,
        "text": "@XxJayLynxX bahahaha maybe some people should b on twitter more often! Ps I know what ima do wit my nails tom I think!",
        "id": 25436085714685952,
        "from_user_id": 12174396,
        "to_user": "XxJayLynxX",
        "geo": null,
        "iso_language_code": "en",
        "to_user_id_str": "30126817",
        "source": "twitter for BlackBerry"
    },
    {
        "from_user_id_str": "3130409",
        "profile_image_url": "http://a0.twimg.com/profile_images/1176557936/IMAG0640_2a_normal.jpg",
        "created_at": "Thu, 13 Jan 2011 06:16:49 +0000",
        "from_user": "thenightcabbie",
        "id_str": "25436085391724544",
        "metadata": {
            "result_type": "recent"
        },
        "to_user_id": null,
        "text": "i don't get why people link their FB &amp; twitter? i don't because i don't want em to say the same things. what would be the point of that?",
        "id": 25436085391724544,
        "from_user_id": 3130409,
        "geo": null,
        "iso_language_code": "en",
        "place": {
            "id": "008a6343d42a42f3",
            "type": "city",
            "full_name": "Hermitage, PA"
        },
        "to_user_id_str": null,
        "source": "twitter"
    },
    {
        "from_user_id_str": "110295353",
        "profile_image_url": "http://a3.twimg.com/profile_images/1178970849/76471_926119033019_14828779_49623109_2212765_n_normal.jpg",
        "created_at": "Thu, 13 Jan 2011 06:16:49 +0000",
        "from_user": "snazmindanielle",
        "id_str": "25436082199863296",
        "metadata": {
            "result_type": "recent"
        },
        "to_user_id": null,
        "text": "RT @CaramelMaceeato: FREE BROSEF FROM TWITTER JAIL!!! @Sir_Snapback",
        "id": 25436082199863296,
        "from_user_id": 110295353,
        "geo": null,
        "iso_language_code": "en",
        "to_user_id_str": null,
        "source": "seesmic"
    },
    {
        "from_user_id_str": "9777411",
        "profile_image_url": "http://a1.twimg.com/profile_images/1212581278/242250982_normal.jpg",
        "created_at": "Thu, 13 Jan 2011 06:16:47 +0000",
        "from_user": "MelDubs",
        "id_str": "25436073966436352",
        "metadata": {
            "result_type": "recent"
        },
        "to_user_id": null,
        "text": "If your facebook or twitter photo is you holding some money, you...I don't even know. Just...all bad.",
        "id": 25436073966436352,
        "from_user_id": 9777411,
        "geo": null,
        "iso_language_code": "en",
        "to_user_id_str": null,
        "source": "ubertwitter"
    },
    {
        "from_user_id_str": "27815968",
        "profile_image_url": "http://a0.twimg.com/profile_images/1189054169/profile_image_1292191264843_normal.jpg",
        "created_at": "Thu, 13 Jan 2011 06:16:46 +0000",
        "from_user": "theREAL_Tiffany",
        "id_str": "25436071475019777",
        "metadata": {
            "result_type": "recent"
        },
        "to_user_id": null,
        "text": "Thanks Little! lol...we try...=) RT @Dee_HotMama @theREAL_Tiffany Happy Founders Day Big! Y'all got Twitter super crunk! I love it! :)",
        "id": 25436071475019777,
        "from_user_id": 27815968,
        "geo": null,
        "iso_language_code": "en",
        "to_user_id_str": null,
        "source": "twitter"
    },
    {
        "from_user_id_str": "191973320",
        "profile_image_url": "http://static.twitter.com/images/default_profile_normal.png",
        "created_at": "Thu, 13 Jan 2011 06:16:46 +0000",
        "from_user": "ArlineCantlow11",
        "id_str": "25436069902159873",
        "metadata": {
            "result_type": "recent"
        },
        "to_user_id": null,
        "text": "I'll let you in on my secret to gain followers on Twitter automatically by using: http://www.tweetadder.co/",
        "id": 25436069902159873,
        "from_user_id": 191973320,
        "geo": null,
        "iso_language_code": "en",
        "to_user_id_str": null,
        "source": "twitter"
    },
    {
        "from_user_id_str": "127245320",
        "profile_image_url": "http://a0.twimg.com/profile_images/1207106571/65843_187457821265076_149955851681940_705336_2405912_n_normal.jpg",
        "created_at": "Thu, 13 Jan 2011 06:16:46 +0000",
        "from_user": "smokeypinkalexa",
        "id_str": "25436069281406976",
        "metadata": {
            "result_type": "recent"
        },
        "to_user_id": null,
        "text": "dear person friends \nplease stop reading my twitter. that includes you michelle!",
        "id": 25436069281406976,
        "from_user_id": 127245320,
        "geo": null,
        "iso_language_code": "en",
        "to_user_id_str": null,
        "source": "twitter"
    },
    {
        "from_user_id_str": "97691060",
        "profile_image_url": "http://a0.twimg.com/profile_images/1200293248/DSC02900_-_C_pia_-_C_pia_normal.JPG",
        "created_at": "Thu, 13 Jan 2011 06:16:45 +0000",
        "from_user": "kagranemann",
        "id_str": "25436068266385408",
        "metadata": {
            "result_type": "recent"
        },
        "to_user_id": null,
        "text": "ALEXANDRE GRAH.. EU SEI QUE VOC\u00ca EST\u00c1 NO MEU TWITTER.. VOLTE PRO MSN QUE TENHO QUE FALAR CONTIGO AGORA! s\u00e9rio",
        "id": 25436068266385408,
        "from_user_id": 97691060,
        "geo": null,
        "iso_language_code": "pt",
        "to_user_id_str": null,
        "source": "twitter"
    },
    {
        "from_user_id_str": "173929323",
        "profile_image_url": "http://a1.twimg.com/profile_images/1213876866/IMG_8177_normal.jpg",
        "created_at": "Thu, 13 Jan 2011 06:16:45 +0000",
        "from_user": "JusYummy1",
        "id_str": "25436068031500289",
        "metadata": {
            "result_type": "recent"
        },
        "to_user_id": null,
        "text": "Don't let this twitter stuff fool ya! Business is business and fun is fun! Twitter is for social networking and entertainment!",
        "id": 25436068031500289,
        "from_user_id": 173929323,
        "geo": null,
        "iso_language_code": "en",
        "to_user_id_str": null,
        "source": "ubertwitter"
    },
{
        "from_user_id_str": "140603095",
        "profile_image_url": "http://a0.twimg.com/profile_images/1210775339/_AmarettoSour__normal.jpg",
        "created_at": "Thu, 13 Jan 2011 06:18:23 +0000",
        "from_user": "_AmarettoSour_",
        "id_str": "25436478033100800",
        "metadata": {
            "result_type": "recent"
        },
        "to_user_id": null,
        "text": "RT @Tu82Alltime: #Twitter is Magnificent",
        "id": 25436478033100800,
        "from_user_id": 140603095,
        "geo": null,
        "iso_language_code": "en",
        "to_user_id_str": null,
        "source": "echofon"
    },
    {
        "from_user_id_str": "150207867",
        "profile_image_url": "http://a2.twimg.com/profile_images/1214336197/phpy8jkMtPM_normal.jpg",
        "created_at": "Thu, 13 Jan 2011 06:18:22 +0000",
        "from_user": "BIGZADDYLO",
        "id_str": "25436475277447168",
        "metadata": {
            "result_type": "recent"
        },
        "to_user_id": null,
        "text": "i love all my followers but if i respond to y'all fuckery i'll be in twitter jail ...lml",
        "id": 25436475277447168,
        "from_user_id": 150207867,
        "geo": null,
        "iso_language_code": "en",
        "to_user_id_str": null,
        "source": "twitter"
    },
    {
        "from_user_id_str": "11592617",
        "profile_image_url": "http://a2.twimg.com/profile_images/1207710231/IMG00611-20101231-1953_normal.jpg",
        "created_at": "Thu, 13 Jan 2011 06:18:22 +0000",
        "from_user": "IsaiahPaul",
        "id_str": "25436474325344256",
        "metadata": {
            "result_type": "recent"
        },
        "to_user_id": 88901503,
        "text": "@steviedaniel_ since twitter decided to be a rebel and delete my tweets",
        "id": 25436474325344256,
        "from_user_id": 11592617,
        "to_user": "steviedaniel_",
        "geo": null,
        "iso_language_code": "en",
        "to_user_id_str": "88901503",
        "source": "twitter"
    },
    {
        "from_user_id_str": "10326317",
        "profile_image_url": "http://a2.twimg.com/profile_images/1131297125/Fsb_-_01_normal.JPG",
        "created_at": "Thu, 13 Jan 2011 06:18:22 +0000",
        "from_user": "saberfra",
        "id_str": "25436472215601152",
        "metadata": {
            "result_type": "recent"
        },
        "to_user_id": null,
        "text": "Twitter -OFF",
        "id": 25436472215601152,
        "from_user_id": 10326317,
        "geo": null,
        "iso_language_code": "en",
        "to_user_id_str": null,
        "source": "tweetdeck"
    },
    {
        "from_user_id_str": "13778119",
        "profile_image_url": "http://a2.twimg.com/profile_images/1209721650/Sko215_normal.jpg",
        "created_at": "Thu, 13 Jan 2011 06:18:21 +0000",
        "from_user": "AISHA215",
        "id_str": "25436470147809280",
        "metadata": {
            "result_type": "recent"
        },
        "to_user_id": null,
        "text": "Ctfu!! RT @Stixx_: RT AISHA215: My twitter keeps freezing so I will stick to mt text and Bbm convos right now = u not about that life",
        "id": 25436470147809280,
        "from_user_id": 13778119,
        "geo": null,
        "iso_language_code": "en",
        "to_user_id_str": null,
        "source": "ubertwitter"
    },
    {
        "from_user_id_str": "16792140",
        "profile_image_url": "http://a1.twimg.com/profile_images/1213343672/jl_normal.jpg",
        "created_at": "Thu, 13 Jan 2011 06:18:21 +0000",
        "from_user": "JPVanity",
        "id_str": "25436469023744001",
        "metadata": {
            "result_type": "recent"
        },
        "to_user_id": null,
        "text": "If I have a partner they can't have twitter -_-",
        "id": 25436469023744001,
        "from_user_id": 16792140,
        "geo": null,
        "iso_language_code": "en",
        "to_user_id_str": null,
        "source": "ubertwitter"
    },
    {
        "from_user_id_str": "123639133",
        "profile_image_url": "http://a3.twimg.com/profile_images/1192888687/IMG_0246_normal.JPG",
        "created_at": "Thu, 13 Jan 2011 06:18:21 +0000",
        "from_user": "TavistockReeves",
        "id_str": "25436468038074368",
        "metadata": {
            "result_type": "recent"
        },
        "to_user_id": null,
        "text": "RT @Stevewillhite One day death will flee to hide from God. But he will be caught and thrown into eternal prison... http://bit.ly/gd5mWm",
        "id": 25436468038074368,
        "from_user_id": 123639133,
        "geo": null,
        "iso_language_code": "en",
        "to_user_id_str": null,
        "source": "twitterfeed"
    },
    {
        "from_user_id_str": "139855165",
        "profile_image_url": "http://a2.twimg.com/profile_images/1202061622/logo_normal.jpg",
        "created_at": "Thu, 13 Jan 2011 06:18:21 +0000",
        "from_user": "matiassblog",
        "id_str": "25436467962585088",
        "metadata": {
            "result_type": "recent"
        },
        "to_user_id": 113111617,
        "text": "@malabanuel jajaja ni me lo recuerdes q ahora estoy en shock con el Twitter... Mi mama...",
        "id": 25436467962585088,
        "from_user_id": 139855165,
        "to_user": "malabanuel",
        "geo": null,
        "iso_language_code": "es",
        "to_user_id_str": "113111617",
        "source": "twitter for BlackBerry"
    },
    {
        "from_user_id_str": "13242621",
        "profile_image_url": "http://a1.twimg.com/profile_images/1124625973/DSC03025_2_normal.jpg",
        "created_at": "Thu, 13 Jan 2011 06:18:20 +0000",
        "from_user": "dennispowers",
        "id_str": "25436466712682496",
        "metadata": {
            "result_type": "recent"
        },
        "to_user_id": null,
        "text": "Via @csekcreative on Twitter: 26 Tips to Enhance Your Experience on LinkedIn http://bit.ly/e0Wkvh",
        "id": 25436466712682496,
        "from_user_id": 13242621,
        "geo": null,
        "iso_language_code": "en",
        "to_user_id_str": null,
        "source": "linkedin"
    },
    {
        "from_user_id_str": "121686059",
        "profile_image_url": "http://a3.twimg.com/profile_images/1208801173/Photo_on_2011-01-05_at_01.46_normal.jpg",
        "created_at": "Thu, 13 Jan 2011 06:18:20 +0000",
        "from_user": "EatTheezLaays",
        "id_str": "25436463592120321",
        "metadata": {
            "result_type": "recent"
        },
        "to_user_id": null,
        "text": "So..im NOT gunna delete my twitter...as of now .",
        "id": 25436463592120321,
        "from_user_id": 121686059,
        "geo": null,
        "iso_language_code": "en",
        "to_user_id_str": null,
        "source": "mobiletwitter"
    },
    {
        "from_user_id_str": "109478985",
        "profile_image_url": "http://a0.twimg.com/profile_images/1214361153/lfs_normal.jpg",
        "created_at": "Thu, 13 Jan 2011 06:18:19 +0000",
        "from_user": "aJwitaFrO",
        "id_str": "25436459796271104",
        "metadata": {
            "result_type": "recent"
        },
        "to_user_id": 57237,
        "text": "@twitter Who to Follow is actually really helpful.. just followed some more cool peeps :-)",
        "id": 25436459796271104,
        "from_user_id": 109478985,
        "to_user": "twitter",
        "geo": null,
        "iso_language_code": "en",
        "to_user_id_str": "57237",
        "source": "twitter"
    },
    {
        "from_user_id_str": "165614548",
        "profile_image_url": "http://a2.twimg.com/profile_images/1148597864/_________2_normal.jpg",
        "created_at": "Thu, 13 Jan 2011 06:18:18 +0000",
        "from_user": "joint_seminar",
        "id_str": "25436458454089728",
        "metadata": {
            "result_type": "recent"
        },
        "to_user_id": null,
        "text": "\u3010\u62e1\u6563\u5e0c\u671b\u3011 \u9e7f\u5150\u5cf6\u770c\u51fa\u6c34\u5e02\u306b\u3066\u3001Twitter\u521d\u5fc3\u8005\u30bb\u30df\u30ca\u30fc\u958b\u50ac\u3002 Twitter\u306e\u767b\u9332\u304b\u3089\u89e3\u8aac\u3057\u307e\u3059\u306e\u3067\u3001Twitter\u306b\u8208\u5473\u3092\u304a\u6301\u3061\u306e\u65b9\u306b\u3054\u7d39\u4ecb\u4e0b\u3055\u3044\u266a \u8a73\u7d30\u21d2http://bit.ly/dF3bvy \u643a\u5e2f\u304b\u3089\u21d2http://bit.ly/gEmd4b #kagoshima",
        "id": 25436458454089728,
        "from_user_id": 165614548,
        "geo": null,
        "iso_language_code": "zh",
        "to_user_id_str": null,
        "source": "twitter"
    },
    {
        "from_user_id_str": "4893462",
        "profile_image_url": "http://a2.twimg.com/profile_images/1193446679/avatar2011_normal.jpg",
        "created_at": "Thu, 13 Jan 2011 06:18:18 +0000",
        "from_user": "luquinhaz",
        "id_str": "25436458428923905",
        "metadata": {
            "result_type": "recent"
        },
        "to_user_id": null,
        "text": "Concordo RT @Cardoso: Eu acho que o report spam do twitter \u00e9 um belo de um placebo.",
        "id": 25436458428923905,
        "from_user_id": 4893462,
        "geo": null,
        "iso_language_code": "pt",
        "to_user_id_str": null,
        "source": "tweetdeck"
    },
    {
        "from_user_id_str": "103116624",
        "profile_image_url": "http://a2.twimg.com/profile_images/1211644278/8TI74-A1_normal.jpg",
        "created_at": "Thu, 13 Jan 2011 06:18:18 +0000",
        "from_user": "issDatToya",
        "id_str": "25436457246138368",
        "metadata": {
            "result_type": "recent"
        },
        "to_user_id": null,
        "text": "Im not even paying twitter any attention ; Sowwwi",
        "id": 25436457246138368,
        "from_user_id": 103116624,
        "geo": null,
        "iso_language_code": "en",
        "to_user_id_str": null,
        "source": "twitter"
    },
{
    "profile_image_url": "http://a3.twimg.com/profile_images/949941117/zucker_normal.jpg",
    "created_at": "Thu, 10 Jun 2010 03:54:22 +0000",
    "from_user": "mariacarol",
    "metadata": {
        "result_type": "recent"
    },
    "to_user_id": null,
    "text": "RT @mobtuts: How to Install Android 2.2 Froyo on iPhone http://bit.ly/c8kBb6",
    "id": 15824617764,
    "from_user_id": 311442,
    "geo": null,
    "iso_language_code": "en",
    "source": "seesmic"
}, {
    "profile_image_url": "http://a1.twimg.com/profile_images/655595496/retro9_normal.gif",
    "created_at": "Thu, 10 Jun 2010 03:52:28 +0000",
    "from_user": "cead22",
    "metadata": {
        "result_type": "recent"
    },
    "to_user_id": null,
    "text": "Quiero un #iPhone4 con #FroYo -- How to Install Android 2.2 Froyo on iPhone http://bit.ly/c8kBb6 (@mobtuts)",
    "id": 15824510273,
    "from_user_id": 34036310,
    "geo": null,
    "iso_language_code": "en",
    "source": "twitter for BlackBerry"
}, 
{
    "profile_image_url": "http://a1.twimg.com/profile_images/769690946/mobiletuts_icon_normal.png",
    "created_at": "Thu, 10 Jun 2010 03:45:51 +0000",
    "from_user": "mobtuts",
    "metadata": {
        "result_type": "recent"
    },
    "to_user_id": null,
    "text": "Subscribe to the @mobtuts weekly podcast now! Choose RSS http://bit.ly/9LMbGX or iTunes http://bit.ly/bq0QMC",
    "id": 15824135971,
    "from_user_id": 104427899,
    "geo": null,
    "iso_language_code": "en",
    "source": "hootSuite"
}, {
    "profile_image_url": "http://a1.twimg.com/profile_images/63581538/tutsplus_normal.jpg",
    "created_at": "Thu, 10 Jun 2010 03:25:00 +0000",
    "from_user": "tutsplus",
    "metadata": {
        "result_type": "recent"
    },
    "to_user_id": null,
    "text": "Subscribe to the @mobtuts weekly podcast now! Choose RSS http://bit.ly/9LMbGX or iTunes http://bit.ly/bq0QMC",
    "id": 15822900558,
    "from_user_id": 2295627,
    "geo": null,
    "iso_language_code": "en",
    "source": "tweetdeck"
}, {
    "profile_image_url": "http://a1.twimg.com/profile_images/234225566/illustration_normal.jpg",
    "created_at": "Thu, 10 Jun 2010 03:22:33 +0000",
    "from_user": "GreatTwitTips",
    "metadata": {
        "result_type": "recent"
    },
    "to_user_id": null,
    "text": "RT @mobtuts: RT @berryizm_feeds: 5 BlackBerry Theme Developer Tips from MMMOOO a BlackBerry theme and app dev comp... http://bit.ly/agf0ND",
    "id": 15822755393,
    "from_user_id": 19637346,
    "geo": null,
    "iso_language_code": "en",
    "source": "twitterfeed"
}
]
