{"metadata":{"language":"en-US","transaction_id":"1505144495256:1569188069","version":"1","location_id":"30314:4:US","units":"e","expire_time_gmt":1505144735,"status_code":200},"forecasts":[{"class":"fod_long_range_daily","expire_time_gmt":1505144600,"fcst_valid":1505127600,"fcst_valid_local":"2017-09-11T07:00:00-0400","num":1,"max_temp":64,"min_temp":60,"torcon":null,"stormcon":null,"blurb":null,"blurb_author":null,"lunar_phase_day":20,"dow":"Monday","lunar_phase":"Waning Gibbous","lunar_phase_code":"WNG","sunrise":"2017-09-11T07:18:31-0400","sunset":"2017-09-11T19:49:20-0400","moonrise":"2017-09-11T23:44:14-0400","moonset":"2017-09-11T12:42:46-0400","qualifier_code":null,"qualifier":null,"narrative":"Mainly cloudy with rain, windy. Highs in the mid 60s and lows in the low 60s.","qpf":3.28,"snow_qpf":0.0,"snow_range":"","snow_phrase":"","snow_code":"","night":{"fcst_valid":1505170800,"fcst_valid_local":"2017-09-11T19:00:00-0400","day_ind":"N","thunder_enum":0,"daypart_name":"Tonight","long_daypart_name":"Monday night","alt_daypart_name":"Tonight","thunder_enum_phrase":"No thunder","num":2,"temp":60,"hi":64,"wc":58,"pop":100,"icon_extd":1210,"icon_code":12,"wxman":"wx2501","phrase_12char":"Rain/Wind","phrase_22char":"Rain/Wind","phrase_32char":"Rain/Wind","subphrase_pt1":"Rain","subphrase_pt2":"Windy","subphrase_pt3":"","precip_type":"rain","rh":89,"wspd":37,"wdir":89,"wdir_cardinal":"E","clds":100,"pop_phrase":"Chance of rain 100%.","temp_phrase":"Low around 60F.","accumulation_phrase":"1 to 2 inches of rain expected.","wind_phrase":"E winds at 25 to 40 mph, decreasing to 20 to 30 mph.","shortcast":"Windy with rain at times","narrative":"Bands of heavy rain showers along with strong gusty winds. Low around 60F. E winds at 25 to 40 mph, decreasing to 20 to 30 mph. Chance of rain 100%. 1 to 2 inches of rain expected. Winds could occasionally gust over 50 mph.","qpf":1.3,"snow_qpf":0.0,"snow_range":"","snow_phrase":"","snow_code":"","vocal_key":"D2:DA02:X5500121021:S121023:TL60:W04R08DR06:P90101:A6051:Q1022","qualifier_code":null,"qualifier":"Winds could occasionally gust over 50 mph.","uv_index_raw":0,"uv_index":0,"uv_warning":0,"uv_desc":"Low","golf_index":null,"golf_category":""},"day":{"fcst_valid":1505127600,"fcst_valid_local":"2017-09-11T07:00:00-0400","day_ind":"D","thunder_enum":0,"daypart_name":"Today","long_daypart_name":"Monday","alt_daypart_name":"Today","thunder_enum_phrase":"No thunder","num":1,"temp":64,"hi":63,"wc":53,"pop":100,"icon_extd":1210,"icon_code":12,"wxman":"wx2501","phrase_12char":"Rain/Wind","phrase_22char":"Rain/Wind","phrase_32char":"Rain/Wind","subphrase_pt1":"Rain","subphrase_pt2":"Windy","subphrase_pt3":"","precip_type":"rain","rh":91,"wspd":38,"wdir":40,"wdir_cardinal":"NE","clds":100,"pop_phrase":"Chance of rain 100%.","temp_phrase":"High 64F.","accumulation_phrase":"2 to 3 inches of rain expected.","wind_phrase":"Winds NE at 35 to 50 mph.","shortcast":"Windy with rain at times","narrative":"Windy with periods of rain that will be accompanied by heavy downpours and strong wind gusts at times. High 64F. Winds NE at 35 to 50 mph. Chance of rain 100%. 2 to 3 inches of rain expected. Winds could occasionally gust over 60 mph.","qpf":2.05,"snow_qpf":0.0,"snow_range":"","snow_phrase":"","snow_code":"","vocal_key":"D1:DA01:X1210550011:S121013:TH64:W02R09:P90101:A6081:Q1023","qualifier_code":null,"qualifier":"Winds could occasionally gust over 60 mph.","uv_index_raw":3.84,"uv_index":4,"uv_warning":0,"uv_desc":"Moderate","golf_index":1,"golf_category":"Very Poor"}},{"class":"fod_long_range_daily","expire_time_gmt":1505144600,"fcst_valid":1505214000,"fcst_valid_local":"2017-09-12T07:00:00-0400","num":2,"max_temp":68,"min_temp":58,"torcon":null,"stormcon":null,"blurb":null,"blurb_author":null,"lunar_phase_day":21,"dow":"Tuesday","lunar_phase":"Waning Gibbous","lunar_phase_code":"WNG","sunrise":"2017-09-12T07:19:12-0400","sunset":"2017-09-12T19:47:58-0400","moonrise":"","moonset":"2017-09-12T13:47:29-0400","qualifier_code":null,"qualifier":null,"narrative":"Windy with morning light rain. Highs in the upper 60s and lows in the upper 50s.","qpf":0.07,"snow_qpf":0.0,"snow_range":"","snow_phrase":"","snow_code":"","night":{"fcst_valid":1505257200,"fcst_valid_local":"2017-09-12T19:00:00-0400","day_ind":"N","thunder_enum":0,"daypart_name":"Tomorrow night","long_daypart_name":"Tuesday night","alt_daypart_name":"Tuesday night","thunder_enum_phrase":"No thunder","num":4,"temp":58,"hi":67,"wc":59,"pop":20,"icon_extd":9000,"icon_code":29,"wxman":"wx1600","phrase_12char":"Clear Late","phrase_22char":"Clearing Late","phrase_32char":"Clouds Early/Clearing Late","subphrase_pt1":"Clearing","subphrase_pt2":"Late","subphrase_pt3":"","precip_type":"rain","rh":89,"wspd":7,"wdir":145,"wdir_cardinal":"SE","clds":41,"pop_phrase":"","temp_phrase":"Low 58F.","accumulation_phrase":"","wind_phrase":"Winds SE at 5 to 10 mph.","shortcast":"Clearing skies late","narrative":"Cloudy early, becoming mostly clear after midnight. Low 58F. Winds SE at 5 to 10 mph.","qpf":0.0,"snow_qpf":0.0,"snow_range":"","snow_phrase":"","snow_code":"","vocal_key":"D4:DA09:X2600340043:S900042:TL58:W06R02","qualifier_code":null,"qualifier":null,"uv_index_raw":0,"uv_index":0,"uv_warning":0,"uv_desc":"Low","golf_index":null,"golf_category":""},"day":{"fcst_valid":1505214000,"fcst_valid_local":"2017-09-12T07:00:00-0400","day_ind":"D","thunder_enum":0,"daypart_name":"Tomorrow","long_daypart_name":"Tuesday","alt_daypart_name":"Tuesday","thunder_enum_phrase":"No thunder","num":3,"temp":68,"hi":68,"wc":58,"pop":80,"icon_extd":6314,"icon_code":11,"wxman":"wx2501","phrase_12char":"AM Rain/Wind","phrase_22char":"AM Light Rain/Wind","phrase_32char":"AM Light Rain/Wind","subphrase_pt1":"AM","subphrase_pt2":"Lt Rain","subphrase_pt3":"Windy","precip_type":"rain","rh":86,"wspd":20,"wdir":152,"wdir_cardinal":"SSE","clds":100,"pop_phrase":"Chance of rain 80%.","temp_phrase":"High 68F.","accumulation_phrase":"","wind_phrase":"SSE winds at 20 to 30 mph, decreasing to 10 to 15 mph.","shortcast":"Windy with morning light rain","narrative":"Windy with intermittent light rain early. Remaining cloudy in the afternoon. High 68F. SSE winds at 20 to 30 mph, decreasing to 10 to 15 mph. Chance of rain 80%.","qpf":0.07,"snow_qpf":0.0,"snow_range":"","snow_phrase":"","snow_code":"","vocal_key":"D3:DA08:X1211260031:S631432:TH68:W07R06DR03:P9081","qualifier_code":null,"qualifier":null,"uv_index_raw":1.73,"uv_index":2,"uv_warning":0,"uv_desc":"Low","golf_index":5,"golf_category":"Fair"}},{"class":"fod_long_range_daily","expire_time_gmt":1505144600,"fcst_valid":1505300400,"fcst_valid_local":"2017-09-13T07:00:00-0400","num":3,"max_temp":78,"min_temp":63,"torcon":null,"stormcon":null,"blurb":null,"blurb_author":null,"lunar_phase_day":22,"dow":"Wednesday","lunar_phase":"Last Quarter","lunar_phase_code":"LQ","sunrise":"2017-09-13T07:19:53-0400","sunset":"2017-09-13T19:46:35-0400","moonrise":"2017-09-13T00:33:26-0400","moonset":"2017-09-13T14:49:47-0400","qualifier_code":null,"qualifier":null,"narrative":"Mostly sunny. Highs in the upper 70s and lows in the low 60s.","qpf":0.03,"snow_qpf":0.0,"snow_range":"","snow_phrase":"","snow_code":"","night":{"fcst_valid":1505343600,"fcst_valid_local":"2017-09-13T19:00:00-0400","day_ind":"N","thunder_enum":0,"daypart_name":"Wednesday night","long_daypart_name":"Wednesday night","alt_daypart_name":"Wednesday night","thunder_enum_phrase":"No thunder","num":6,"temp":63,"hi":73,"wc":65,"pop":40,"icon_extd":7100,"icon_code":45,"wxman":"wx2500","phrase_12char":"Shwrs Late","phrase_22char":"Showers Late","phrase_32char":"Showers Late","subphrase_pt1":"Showers","subphrase_pt2":"Late","subphrase_pt3":"","precip_type":"rain","rh":80,"wspd":8,"wdir":205,"wdir_cardinal":"SSW","clds":72,"pop_phrase":"Chance of rain 40%.","temp_phrase":"Low 63F.","accumulation_phrase":"","wind_phrase":"Winds SSW at 5 to 10 mph.","shortcast":"Showers late","narrative":"Mostly cloudy in the evening then periods of showers after midnight. Low 63F. Winds SSW at 5 to 10 mph. Chance of rain 40%.","qpf":0.03,"snow_qpf":0.0,"snow_range":"","snow_phrase":"","snow_code":"","vocal_key":"D6:DA11:X2800110042:S710041:TL63:W09R02:P9041","qualifier_code":null,"qualifier":null,"uv_index_raw":0,"uv_index":0,"uv_warning":0,"uv_desc":"Low","golf_index":null,"golf_category":""},"day":{"fcst_valid":1505300400,"fcst_valid_local":"2017-09-13T07:00:00-0400","day_ind":"D","thunder_enum":0,"daypart_name":"Wednesday","long_daypart_name":"Wednesday","alt_daypart_name":"Wednesday","thunder_enum_phrase":"No thunder","num":5,"temp":78,"hi":76,"wc":59,"pop":10,"icon_extd":3400,"icon_code":34,"wxman":"wx1000","phrase_12char":"M Sunny","phrase_22char":"Mostly Sunny","phrase_32char":"Mostly Sunny","subphrase_pt1":"Mostly","subphrase_pt2":"Sunny","subphrase_pt3":"","precip_type":"rain","rh":71,"wspd":11,"wdir":191,"wdir_cardinal":"S","clds":22,"pop_phrase":"","temp_phrase":"High 78F.","accumulation_phrase":"","wind_phrase":"Winds S at 10 to 15 mph.","shortcast":"Plenty of sun","narrative":"Generally sunny despite a few afternoon clouds. High 78F. Winds S at 10 to 15 mph.","qpf":0.0,"snow_qpf":0.0,"snow_range":"","snow_phrase":"","snow_code":"","vocal_key":"D5:DA10:X3400300034:S340033:TH78:W08R03","qualifier_code":null,"qualifier":null,"uv_index_raw":8.55,"uv_index":9,"uv_warning":0,"uv_desc":"Very High","golf_index":9,"golf_category":"Very Good"}},{"class":"fod_long_range_daily","expire_time_gmt":1505144600,"fcst_valid":1505386800,"fcst_valid_local":"2017-09-14T07:00:00-0400","num":4,"max_temp":79,"min_temp":63,"torcon":null,"stormcon":null,"blurb":null,"blurb_author":null,"lunar_phase_day":23,"dow":"Thursday","lunar_phase":"Waning Crescent","lunar_phase_code":"WNC","sunrise":"2017-09-14T07:20:34-0400","sunset":"2017-09-14T19:45:13-0400","moonrise":"2017-09-14T01:28:30-0400","moonset":"2017-09-14T15:49:20-0400","qualifier_code":null,"qualifier":null,"narrative":"Partly cloudy. Highs in the upper 70s and lows in the low 60s.","qpf":0.0,"snow_qpf":0.0,"snow_range":"","snow_phrase":"","snow_code":"","night":{"fcst_valid":1505430000,"fcst_valid_local":"2017-09-14T19:00:00-0400","day_ind":"N","thunder_enum":0,"daypart_name":"Thursday night","long_daypart_name":"Thursday night","alt_daypart_name":"Thursday night","thunder_enum_phrase":"No thunder","num":8,"temp":63,"hi":76,"wc":64,"pop":10,"icon_extd":2900,"icon_code":29,"wxman":"wx1600","phrase_12char":"P Cloudy","phrase_22char":"Partly Cloudy","phrase_32char":"Partly Cloudy","subphrase_pt1":"Partly","subphrase_pt2":"Cloudy","subphrase_pt3":"","precip_type":"rain","rh":86,"wspd":6,"wdir":105,"wdir_cardinal":"ESE","clds":26,"pop_phrase":"","temp_phrase":"Low 63F.","accumulation_phrase":"","wind_phrase":"Winds ESE at 5 to 10 mph.","shortcast":"Partly cloudy","narrative":"Partly cloudy skies. Low 63F. Winds ESE at 5 to 10 mph.","qpf":0.0,"snow_qpf":0.0,"snow_range":"","snow_phrase":"","snow_code":"","vocal_key":"D8:DA13:X3000300041:S300042:TL63:W05R02","qualifier_code":null,"qualifier":null,"uv_index_raw":0,"uv_index":0,"uv_warning":0,"uv_desc":"Low","golf_index":null,"golf_category":""},"day":{"fcst_valid":1505386800,"fcst_valid_local":"2017-09-14T07:00:00-0400","day_ind":"D","thunder_enum":0,"daypart_name":"Thursday","long_daypart_name":"Thursday","alt_daypart_name":"Thursday","thunder_enum_phrase":"No thunder","num":7,"temp":79,"hi":80,"wc":64,"pop":20,"icon_extd":3000,"icon_code":30,"wxman":"wx1100","phrase_12char":"P Cloudy","phrase_22char":"Partly Cloudy","phrase_32char":"Partly Cloudy","subphrase_pt1":"Partly","subphrase_pt2":"Cloudy","subphrase_pt3":"","precip_type":"rain","rh":73,"wspd":9,"wdir":243,"wdir_cardinal":"WSW","clds":63,"pop_phrase":"","temp_phrase":"High 79F.","accumulation_phrase":"","wind_phrase":"Winds WSW at 5 to 10 mph.","shortcast":"Times of sun and clouds","narrative":"Partly cloudy. Slight chance of a rain shower. High 79F. Winds WSW at 5 to 10 mph.","qpf":0.0,"snow_qpf":0.0,"snow_range":"","snow_phrase":"","snow_code":"","vocal_key":"D7:DA12:X3000300033:S300033:Q5015:TH79:W11R02","qualifier_code":null,"qualifier":"Slight chance of a rain shower.","uv_index_raw":7.79,"uv_index":8,"uv_warning":0,"uv_desc":"Very High","golf_index":9,"golf_category":"Very Good"}},{"class":"fod_long_range_daily","expire_time_gmt":1505144600,"fcst_valid":1505473200,"fcst_valid_local":"2017-09-15T07:00:00-0400","num":5,"max_temp":84,"min_temp":64,"torcon":null,"stormcon":null,"blurb":null,"blurb_author":null,"lunar_phase_day":25,"dow":"Friday","lunar_phase":"Waning Crescent","lunar_phase_code":"WNC","sunrise":"2017-09-15T07:21:15-0400","sunset":"2017-09-15T19:43:50-0400","moonrise":"2017-09-15T02:27:08-0400","moonset":"2017-09-15T16:43:44-0400","qualifier_code":null,"qualifier":null,"narrative":"Times of sun and clouds. Highs in the mid 80s and lows in the mid 60s.","qpf":0.0,"snow_qpf":0.0,"snow_range":"","snow_phrase":"","snow_code":"","night":{"fcst_valid":1505516400,"fcst_valid_local":"2017-09-15T19:00:00-0400","day_ind":"N","thunder_enum":0,"daypart_name":"Friday night","long_daypart_name":"Friday night","alt_daypart_name":"Friday night","thunder_enum_phrase":"No thunder","num":10,"temp":64,"hi":82,"wc":66,"pop":10,"icon_extd":2900,"icon_code":29,"wxman":"wx1600","phrase_12char":"P Cloudy","phrase_22char":"Partly Cloudy","phrase_32char":"Partly Cloudy","subphrase_pt1":"Partly","subphrase_pt2":"Cloudy","subphrase_pt3":"","precip_type":"rain","rh":79,"wspd":4,"wdir":114,"wdir_cardinal":"ESE","clds":24,"pop_phrase":"","temp_phrase":"Low 64F.","accumulation_phrase":"","wind_phrase":"Winds light and variable.","shortcast":"Partly cloudy","narrative":"Partly cloudy skies. Low 64F. Winds light and variable.","qpf":0.0,"snow_qpf":0.0,"snow_range":"","snow_phrase":"","snow_code":"","vocal_key":"D10:DA15:X3000320041:S300041:TL64:W9902","qualifier_code":null,"qualifier":null,"uv_index_raw":0,"uv_index":0,"uv_warning":0,"uv_desc":"Low","golf_index":null,"golf_category":""},"day":{"fcst_valid":1505473200,"fcst_valid_local":"2017-09-15T07:00:00-0400","day_ind":"D","thunder_enum":0,"daypart_name":"Friday","long_daypart_name":"Friday","alt_daypart_name":"Friday","thunder_enum_phrase":"No thunder","num":9,"temp":84,"hi":85,"wc":64,"pop":10,"icon_extd":3000,"icon_code":30,"wxman":"wx1100","phrase_12char":"P Cloudy","phrase_22char":"Partly Cloudy","phrase_32char":"Partly Cloudy","subphrase_pt1":"Partly","subphrase_pt2":"Cloudy","subphrase_pt3":"","precip_type":"rain","rh":66,"wspd":5,"wdir":317,"wdir_cardinal":"NW","clds":32,"pop_phrase":"","temp_phrase":"High 84F.","accumulation_phrase":"","wind_phrase":"Winds light and variable.","shortcast":"Times of sun and clouds","narrative":"Intervals of clouds and sunshine. High 84F. Winds light and variable.","qpf":0.0,"snow_qpf":0.0,"snow_range":"","snow_phrase":"","snow_code":"","vocal_key":"D9:DA14:X3000300031:S300033:TH84:W9902","qualifier_code":null,"qualifier":null,"uv_index_raw":8.38,"uv_index":8,"uv_warning":0,"uv_desc":"Very High","golf_index":9,"golf_category":"Very Good"}},{"class":"fod_long_range_daily","expire_time_gmt":1505144600,"fcst_valid":1505559600,"fcst_valid_local":"2017-09-16T07:00:00-0400","num":6,"max_temp":86,"min_temp":65,"torcon":null,"stormcon":null,"blurb":null,"blurb_author":null,"lunar_phase_day":26,"dow":"Saturday","lunar_phase":"Waning Crescent","lunar_phase_code":"WNC","sunrise":"2017-09-16T07:21:56-0400","sunset":"2017-09-16T19:42:27-0400","moonrise":"2017-09-16T03:29:57-0400","moonset":"2017-09-16T17:33:44-0400","qualifier_code":null,"qualifier":null,"narrative":"More sun than clouds. Highs in the mid 80s and lows in the mid 60s.","qpf":0.0,"snow_qpf":0.0,"snow_range":"","snow_phrase":"","snow_code":"","night":{"fcst_valid":1505602800,"fcst_valid_local":"2017-09-16T19:00:00-0400","day_ind":"N","thunder_enum":0,"daypart_name":"Saturday night","long_daypart_name":"Saturday night","alt_daypart_name":"Saturday night","thunder_enum_phrase":"No thunder","num":12,"temp":65,"hi":83,"wc":66,"pop":10,"icon_extd":2900,"icon_code":29,"wxman":"wx1600","phrase_12char":"P Cloudy","phrase_22char":"Partly Cloudy","phrase_32char":"Partly Cloudy","subphrase_pt1":"Partly","subphrase_pt2":"Cloudy","subphrase_pt3":"","precip_type":"rain","rh":78,"wspd":4,"wdir":68,"wdir_cardinal":"ENE","clds":30,"pop_phrase":"","temp_phrase":"Low near 65F.","accumulation_phrase":"","wind_phrase":"Winds light and variable.","shortcast":"Partly cloudy","narrative":"A few clouds. Low near 65F. Winds light and variable.","qpf":0.0,"snow_qpf":0.0,"snow_range":"","snow_phrase":"","snow_code":"","vocal_key":"D12:DA17:X3000340041:S300041:TL65:W9902","qualifier_code":null,"qualifier":null,"uv_index_raw":0,"uv_index":0,"uv_warning":0,"uv_desc":"Low","golf_index":null,"golf_category":""},"day":{"fcst_valid":1505559600,"fcst_valid_local":"2017-09-16T07:00:00-0400","day_ind":"D","thunder_enum":0,"daypart_name":"Saturday","long_daypart_name":"Saturday","alt_daypart_name":"Saturday","thunder_enum_phrase":"No thunder","num":11,"temp":86,"hi":87,"wc":65,"pop":10,"icon_extd":3400,"icon_code":34,"wxman":"wx1000","phrase_12char":"M Sunny","phrase_22char":"Mostly Sunny","phrase_32char":"Mostly Sunny","subphrase_pt1":"Mostly","subphrase_pt2":"Sunny","subphrase_pt3":"","precip_type":"rain","rh":64,"wspd":5,"wdir":54,"wdir_cardinal":"NE","clds":20,"pop_phrase":"","temp_phrase":"High 86F.","accumulation_phrase":"","wind_phrase":"Winds light and variable.","shortcast":"A few clouds","narrative":"Except for a few afternoon clouds, mainly sunny. High 86F. Winds light and variable.","qpf":0.0,"snow_qpf":0.0,"snow_range":"","snow_phrase":"","snow_code":"","vocal_key":"D11:DA16:X3200300033:S340031:TH86:W9902","qualifier_code":null,"qualifier":null,"uv_index_raw":8.29,"uv_index":8,"uv_warning":0,"uv_desc":"Very High","golf_index":8,"golf_category":"Very Good"}},{"class":"fod_long_range_daily","expire_time_gmt":1505144600,"fcst_valid":1505646000,"fcst_valid_local":"2017-09-17T07:00:00-0400","num":7,"max_temp":85,"min_temp":65,"torcon":null,"stormcon":null,"blurb":null,"blurb_author":null,"lunar_phase_day":27,"dow":"Sunday","lunar_phase":"Waning Crescent","lunar_phase_code":"WNC","sunrise":"2017-09-17T07:22:37-0400","sunset":"2017-09-17T19:41:04-0400","moonrise":"2017-09-17T04:33:21-0400","moonset":"2017-09-17T18:17:57-0400","qualifier_code":null,"qualifier":null,"narrative":"More sun than clouds. Highs in the mid 80s and lows in the mid 60s.","qpf":0.0,"snow_qpf":0.0,"snow_range":"","snow_phrase":"","snow_code":"","night":{"fcst_valid":1505689200,"fcst_valid_local":"2017-09-17T19:00:00-0400","day_ind":"N","thunder_enum":0,"daypart_name":"Sunday night","long_daypart_name":"Sunday night","alt_daypart_name":"Sunday night","thunder_enum_phrase":"No thunder","num":14,"temp":65,"hi":82,"wc":66,"pop":10,"icon_extd":2900,"icon_code":29,"wxman":"wx1600","phrase_12char":"P Cloudy","phrase_22char":"Partly Cloudy","phrase_32char":"Partly Cloudy","subphrase_pt1":"Partly","subphrase_pt2":"Cloudy","subphrase_pt3":"","precip_type":"rain","rh":78,"wspd":5,"wdir":336,"wdir_cardinal":"NNW","clds":18,"pop_phrase":"","temp_phrase":"Low around 65F.","accumulation_phrase":"","wind_phrase":"Winds light and variable.","shortcast":"Partly cloudy","narrative":"Some clouds early will give way to generally clear conditions overnight. Low around 65F. Winds light and variable.","qpf":0.0,"snow_qpf":0.0,"snow_range":"","snow_phrase":"","snow_code":"","vocal_key":"D14:DA05:X3000320042:S300043:TL65:W9902","qualifier_code":null,"qualifier":null,"uv_index_raw":0,"uv_index":0,"uv_warning":0,"uv_desc":"Low","golf_index":null,"golf_category":""},"day":{"fcst_valid":1505646000,"fcst_valid_local":"2017-09-17T07:00:00-0400","day_ind":"D","thunder_enum":0,"daypart_name":"Sunday","long_daypart_name":"Sunday","alt_daypart_name":"Sunday","thunder_enum_phrase":"No thunder","num":13,"temp":85,"hi":86,"wc":66,"pop":10,"icon_extd":3400,"icon_code":34,"wxman":"wx1000","phrase_12char":"M Sunny","phrase_22char":"Mostly Sunny","phrase_32char":"Mostly Sunny","subphrase_pt1":"Mostly","subphrase_pt2":"Sunny","subphrase_pt3":"","precip_type":"rain","rh":64,"wspd":6,"wdir":356,"wdir_cardinal":"N","clds":18,"pop_phrase":"","temp_phrase":"High near 85F.","accumulation_phrase":"","wind_phrase":"Winds N at 5 to 10 mph.","shortcast":"Plenty of sun","narrative":"Sunshine and some clouds. High near 85F. Winds N at 5 to 10 mph.","qpf":0.0,"snow_qpf":0.0,"snow_range":"","snow_phrase":"","snow_code":"","vocal_key":"D13:DA04:X3200300032:S340033:TH85:W16R02","qualifier_code":null,"qualifier":null,"uv_index_raw":8.2,"uv_index":8,"uv_warning":0,"uv_desc":"Very High","golf_index":8,"golf_category":"Very Good"}},{"class":"fod_long_range_daily","expire_time_gmt":1505144600,"fcst_valid":1505732400,"fcst_valid_local":"2017-09-18T07:00:00-0400","num":8,"max_temp":86,"min_temp":64,"torcon":null,"stormcon":null,"blurb":null,"blurb_author":null,"lunar_phase_day":28,"dow":"Monday","lunar_phase":"Waning Crescent","lunar_phase_code":"WNC","sunrise":"2017-09-18T07:23:18-0400","sunset":"2017-09-18T19:39:41-0400","moonrise":"2017-09-18T05:37:41-0400","moonset":"2017-09-18T18:58:41-0400","qualifier_code":null,"qualifier":null,"narrative":"A few clouds. Highs in the mid 80s and lows in the mid 60s.","qpf":0.0,"snow_qpf":0.0,"snow_range":"","snow_phrase":"","snow_code":"","night":{"fcst_valid":1505775600,"fcst_valid_local":"2017-09-18T19:00:00-0400","day_ind":"N","thunder_enum":0,"daypart_name":"Monday night","long_daypart_name":"Monday night","alt_daypart_name":"Monday night","thunder_enum_phrase":"No thunder","num":16,"temp":64,"hi":83,"wc":65,"pop":10,"icon_extd":3300,"icon_code":33,"wxman":"wx1500","phrase_12char":"M Clear","phrase_22char":"Mostly Clear","phrase_32char":"Mostly Clear","subphrase_pt1":"Mostly","subphrase_pt2":"Clear","subphrase_pt3":"","precip_type":"rain","rh":73,"wspd":6,"wdir":319,"wdir_cardinal":"NW","clds":13,"pop_phrase":"","temp_phrase":"Low 64F.","accumulation_phrase":"","wind_phrase":"Winds NW at 5 to 10 mph.","shortcast":"A few clouds","narrative":"Mostly clear skies. Low 64F. Winds NW at 5 to 10 mph.","qpf":0.0,"snow_qpf":0.0,"snow_range":"","snow_phrase":"","snow_code":"","vocal_key":"D16:DA07:X3400320041:S340041:TL64:W14R02","qualifier_code":null,"qualifier":null,"uv_index_raw":0,"uv_index":0,"uv_warning":0,"uv_desc":"Low","golf_index":null,"golf_category":""},"day":{"fcst_valid":1505732400,"fcst_valid_local":"2017-09-18T07:00:00-0400","day_ind":"D","thunder_enum":0,"daypart_name":"Monday","long_daypart_name":"Monday","alt_daypart_name":"Monday","thunder_enum_phrase":"No thunder","num":15,"temp":86,"hi":86,"wc":66,"pop":10,"icon_extd":3400,"icon_code":34,"wxman":"wx1000","phrase_12char":"M Sunny","phrase_22char":"Mostly Sunny","phrase_32char":"Mostly Sunny","subphrase_pt1":"Mostly","subphrase_pt2":"Sunny","subphrase_pt3":"","precip_type":"rain","rh":60,"wspd":7,"wdir":332,"wdir_cardinal":"NNW","clds":12,"pop_phrase":"","temp_phrase":"High 86F.","accumulation_phrase":"","wind_phrase":"Winds NNW at 5 to 10 mph.","shortcast":"More sun than clouds","narrative":"Sunshine. High 86F. Winds NNW at 5 to 10 mph.","qpf":0.0,"snow_qpf":0.0,"snow_range":"","snow_phrase":"","snow_code":"","vocal_key":"D15:DA06:X3200340033:S340034:TH86:W15R02","qualifier_code":null,"qualifier":null,"uv_index_raw":8.11,"uv_index":8,"uv_warning":0,"uv_desc":"Very High","golf_index":8,"golf_category":"Very Good"}},{"class":"fod_long_range_daily","expire_time_gmt":1505144600,"fcst_valid":1505818800,"fcst_valid_local":"2017-09-19T07:00:00-0400","num":9,"max_temp":85,"min_temp":64,"torcon":null,"stormcon":null,"blurb":null,"blurb_author":null,"lunar_phase_day":29,"dow":"Tuesday","lunar_phase":"New Moon","lunar_phase_code":"N","sunrise":"2017-09-19T07:23:59-0400","sunset":"2017-09-19T19:38:17-0400","moonrise":"2017-09-19T06:40:02-0400","moonset":"2017-09-19T19:36:19-0400","qualifier_code":null,"qualifier":null,"narrative":"More sun than clouds. Highs in the mid 80s and lows in the mid 60s.","qpf":0.0,"snow_qpf":0.0,"snow_range":"","snow_phrase":"","snow_code":"","night":{"fcst_valid":1505862000,"fcst_valid_local":"2017-09-19T19:00:00-0400","day_ind":"N","thunder_enum":0,"daypart_name":"Tuesday night","long_daypart_name":"Tuesday night","alt_daypart_name":"Tuesday night","thunder_enum_phrase":"No thunder","num":18,"temp":64,"hi":82,"wc":65,"pop":20,"icon_extd":3300,"icon_code":33,"wxman":"wx1500","phrase_12char":"M Clear","phrase_22char":"Mostly Clear","phrase_32char":"Mostly Clear","subphrase_pt1":"Mostly","subphrase_pt2":"Clear","subphrase_pt3":"","precip_type":"rain","rh":75,"wspd":7,"wdir":313,"wdir_cardinal":"NW","clds":18,"pop_phrase":"","temp_phrase":"Low 64F.","accumulation_phrase":"","wind_phrase":"Winds NW at 5 to 10 mph.","shortcast":"A few clouds","narrative":"Mainly clear. Low 64F. Winds NW at 5 to 10 mph.","qpf":0.0,"snow_qpf":0.0,"snow_range":"","snow_phrase":"","snow_code":"","vocal_key":"D18:DA09:X3400320042:S340041:TL64:W14R02","qualifier_code":null,"qualifier":null,"uv_index_raw":0,"uv_index":0,"uv_warning":0,"uv_desc":"Low","golf_index":null,"golf_category":""},"day":{"fcst_valid":1505818800,"fcst_valid_local":"2017-09-19T07:00:00-0400","day_ind":"D","thunder_enum":0,"daypart_name":"Tuesday","long_daypart_name":"Tuesday","alt_daypart_name":"Tuesday","thunder_enum_phrase":"No thunder","num":17,"temp":85,"hi":86,"wc":65,"pop":20,"icon_extd":3400,"icon_code":34,"wxman":"wx1000","phrase_12char":"M Sunny","phrase_22char":"Mostly Sunny","phrase_32char":"Mostly Sunny","subphrase_pt1":"Mostly","subphrase_pt2":"Sunny","subphrase_pt3":"","precip_type":"rain","rh":62,"wspd":7,"wdir":311,"wdir_cardinal":"NW","clds":16,"pop_phrase":"","temp_phrase":"High near 85F.","accumulation_phrase":"","wind_phrase":"Winds NW at 5 to 10 mph.","shortcast":"More sun than clouds","narrative":"Mostly sunny skies. High near 85F. Winds NW at 5 to 10 mph.","qpf":0.0,"snow_qpf":0.0,"snow_range":"","snow_phrase":"","snow_code":"","vocal_key":"D17:DA08:X3200340031:S340034:TH85:W14R02","qualifier_code":null,"qualifier":null,"uv_index_raw":8.02,"uv_index":8,"uv_warning":0,"uv_desc":"Very High","golf_index":8,"golf_category":"Very Good"}},{"class":"fod_long_range_daily","expire_time_gmt":1505144600,"fcst_valid":1505905200,"fcst_valid_local":"2017-09-20T07:00:00-0400","num":10,"max_temp":83,"min_temp":63,"torcon":null,"stormcon":null,"blurb":null,"blurb_author":null,"lunar_phase_day":0,"dow":"Wednesday","lunar_phase":"New Moon","lunar_phase_code":"N","sunrise":"2017-09-20T07:24:40-0400","sunset":"2017-09-20T19:36:54-0400","moonrise":"2017-09-20T07:41:39-0400","moonset":"2017-09-20T20:11:12-0400","qualifier_code":null,"qualifier":null,"narrative":"Morning showers. Highs in the low 80s and lows in the low 60s.","qpf":0.02,"snow_qpf":0.0,"snow_range":"","snow_phrase":"","snow_code":"","night":{"fcst_valid":1505948400,"fcst_valid_local":"2017-09-20T19:00:00-0400","day_ind":"N","thunder_enum":0,"daypart_name":"Wednesday night","long_daypart_name":"Wednesday night","alt_daypart_name":"Wednesday night","thunder_enum_phrase":"No thunder","num":20,"temp":63,"hi":80,"wc":65,"pop":20,"icon_extd":3300,"icon_code":33,"wxman":"wx1500","phrase_12char":"M Clear","phrase_22char":"Mostly Clear","phrase_32char":"Mostly Clear","subphrase_pt1":"Mostly","subphrase_pt2":"Clear","subphrase_pt3":"","precip_type":"rain","rh":75,"wspd":6,"wdir":284,"wdir_cardinal":"WNW","clds":21,"pop_phrase":"","temp_phrase":"Low 63F.","accumulation_phrase":"","wind_phrase":"Winds WNW at 5 to 10 mph.","shortcast":"Mostly clear","narrative":"A few clouds from time to time. Low 63F. Winds WNW at 5 to 10 mph.","qpf":0.0,"snow_qpf":0.0,"snow_range":"","snow_phrase":"","snow_code":"","vocal_key":"D20:DA11:X3400340042:S340042:TL63:W13R02","qualifier_code":null,"qualifier":null,"uv_index_raw":0,"uv_index":0,"uv_warning":0,"uv_desc":"Low","golf_index":null,"golf_category":""},"day":{"fcst_valid":1505905200,"fcst_valid_local":"2017-09-20T07:00:00-0400","day_ind":"D","thunder_enum":0,"daypart_name":"Wednesday","long_daypart_name":"Wednesday","alt_daypart_name":"Wednesday","thunder_enum_phrase":"No thunder","num":19,"temp":83,"hi":84,"wc":65,"pop":40,"icon_extd":6103,"icon_code":39,"wxman":"wx2500","phrase_12char":"AM Showers","phrase_22char":"AM Showers","phrase_32char":"AM Showers","subphrase_pt1":"AM","subphrase_pt2":"Showers","subphrase_pt3":"","precip_type":"rain","rh":65,"wspd":8,"wdir":302,"wdir_cardinal":"WNW","clds":35,"pop_phrase":"Chance of rain 40%.","temp_phrase":"High 83F.","accumulation_phrase":"","wind_phrase":"Winds WNW at 5 to 10 mph.","shortcast":"A few morning showers","narrative":"Rain showers early with some sunshine later in the day. High 83F. Winds WNW at 5 to 10 mph. Chance of rain 40%.","qpf":0.02,"snow_qpf":0.0,"snow_range":"","snow_phrase":"","snow_code":"","vocal_key":"D19:DA10:X1100300031:S610333:TH83:W13R02:P9041","qualifier_code":null,"qualifier":null,"uv_index_raw":7.93,"uv_index":8,"uv_warning":0,"uv_desc":"Very High","golf_index":8,"golf_category":"Very Good"}},{"class":"fod_long_range_daily","expire_time_gmt":1505144600,"fcst_valid":1505991600,"fcst_valid_local":"2017-09-21T07:00:00-0400","num":11,"max_temp":82,"min_temp":64,"torcon":null,"stormcon":null,"blurb":null,"blurb_author":null,"lunar_phase_day":1,"dow":"Thursday","lunar_phase":"Waxing Crescent","lunar_phase_code":"WXC","sunrise":"2017-09-21T07:25:22-0400","sunset":"2017-09-21T19:35:30-0400","moonrise":"2017-09-21T08:40:48-0400","moonset":"2017-09-21T20:45:32-0400","qualifier_code":null,"qualifier":null,"narrative":"Sunny. Highs in the low 80s and lows in the mid 60s.","qpf":0.0,"snow_qpf":0.0,"snow_range":"","snow_phrase":"","snow_code":"","night":{"fcst_valid":1506034800,"fcst_valid_local":"2017-09-21T19:00:00-0400","day_ind":"N","thunder_enum":0,"daypart_name":"Thursday night","long_daypart_name":"Thursday night","alt_daypart_name":"Thursday night","thunder_enum_phrase":"No thunder","num":22,"temp":64,"hi":77,"wc":66,"pop":20,"icon_extd":3100,"icon_code":31,"wxman":"wx1500","phrase_12char":"Clear","phrase_22char":"Clear","phrase_32char":"Clear","subphrase_pt1":"Clear","subphrase_pt2":"","subphrase_pt3":"","precip_type":"rain","rh":80,"wspd":6,"wdir":255,"wdir_cardinal":"WSW","clds":13,"pop_phrase":"","temp_phrase":"Low 64F.","accumulation_phrase":"","wind_phrase":"Winds WSW at 5 to 10 mph.","shortcast":"Mainly clear","narrative":"Clear skies. Low 64F. Winds WSW at 5 to 10 mph.","qpf":0.0,"snow_qpf":0.0,"snow_range":"","snow_phrase":"","snow_code":"","vocal_key":"D22:DA13:X3200320041:S320041:TL64:W11R02","qualifier_code":null,"qualifier":null,"uv_index_raw":0,"uv_index":0,"uv_warning":0,"uv_desc":"Low","golf_index":null,"golf_category":""},"day":{"fcst_valid":1505991600,"fcst_valid_local":"2017-09-21T07:00:00-0400","day_ind":"D","thunder_enum":0,"daypart_name":"Thursday","long_daypart_name":"Thursday","alt_daypart_name":"Thursday","thunder_enum_phrase":"No thunder","num":21,"temp":82,"hi":82,"wc":64,"pop":20,"icon_extd":3200,"icon_code":32,"wxman":"wx1000","phrase_12char":"Sunny","phrase_22char":"Sunny","phrase_32char":"Sunny","subphrase_pt1":"Sunny","subphrase_pt2":"","subphrase_pt3":"","precip_type":"rain","rh":65,"wspd":6,"wdir":293,"wdir_cardinal":"WNW","clds":20,"pop_phrase":"","temp_phrase":"High 82F.","accumulation_phrase":"","wind_phrase":"Winds WNW at 5 to 10 mph.","shortcast":"Mainly sunny","narrative":"Mainly sunny. High 82F. Winds WNW at 5 to 10 mph.","qpf":0.0,"snow_qpf":0.0,"snow_range":"","snow_phrase":"","snow_code":"","vocal_key":"D21:DA12:X3400320032:S320031:TH82:W13R02","qualifier_code":null,"qualifier":null,"uv_index_raw":7.84,"uv_index":8,"uv_warning":0,"uv_desc":"Very High","golf_index":9,"golf_category":"Very Good"}}]}